{
  "per_page": [
    {
      "page": 0,
      "preprocess_s": 0.09279666701331735,
      "forward_s": 10.312041666998994,
      "total_page_s": 10.473569999972824,
      "total_patches": 4290,
      "patch_int_mean": 246.93367888621796,
      "patch_int_std": 28.87429902908103,
      "patch_int_min": 203.5712890625,
      "patch_int_max": 255.0,
      "embed_shape": [
        1,
        747,
        128
      ],
      "zero_embedding_ct": 0,
      "embed_norm_mean": 1.0,
      "embed_norm_std": 0.000244140625
    },
    {
      "page": 1,
      "preprocess_s": 0.09015825000824407,
      "forward_s": 9.992799166997429,
      "total_page_s": 10.117656417016406,
      "total_patches": 2080,
      "patch_int_mean": 231.61612204527245,
      "patch_int_std": 46.147955737320686,
      "patch_int_min": 148.92350260416666,
      "patch_int_max": 255.0,
      "embed_shape": [
        1,
        755,
        128
      ],
      "zero_embedding_ct": 0,
      "embed_norm_mean": 1.0,
      "embed_norm_std": 0.000244140625
    },
    {
      "page": 2,
      "preprocess_s": 0.06293733298662119,
      "forward_s": 9.148418540979037,
      "total_page_s": 9.244535832986003,
      "total_patches": 2080,
      "patch_int_mean": 236.8872505383614,
      "patch_int_std": 34.86438213652271,
      "patch_int_min": 172.453125,
      "patch_int_max": 255.0,
      "embed_shape": [
        1,
        755,
        128
      ],
      "zero_embedding_ct": 0,
      "embed_norm_mean": 1.0,
      "embed_norm_std": 0.000244140625
    }
  ],
  "summary": {
    "pages": 3,
    "avg_preprocess_s": 0.08196408333606087,
    "avg_forward_s": 9.81775312499182,
    "avg_total_s": 9.945254083325077,
    "avg_patches": 2816.6666666666665,
    "total_zero_embeds": 0,
    "throughput_pps": 0.10055047278044624
  }
}